Crystal Palace,1,Speroni,Julian
Crystal Palace,2,Ward,Joel
Crystal Palace,3,Mariappa,Adrian
Crystal Palace,4,Hangeland,Brede
Crystal Palace,5,McCarthy,Paddy
Crystal Palace,6,Dann,Scott
Crystal Palace,7,Bolasie,Yannick
Crystal Palace,8,Guedioura,Adlene
Crystal Palace,10,Campbell,Fraizer
Crystal Palace,11,Dobbie,Stephen
Crystal Palace,12,O'Keefe,Stuart
Crystal Palace,13,Hennessey,Wayne
Crystal Palace,14,Thomas,Jerome
Crystal Palace,15,Jedinak,Mile
Crystal Palace,16,Gayle,Dwight
Crystal Palace,17,Murray,Glenn
Crystal Palace,20,Williams,Jonathan
Crystal Palace,21,Williams,Jerome
Crystal Palace,22,Hunt,Jack
Crystal Palace,25,Bannan,Barry
Crystal Palace,26,Kettings,Chris
Crystal Palace,27,Delaney,Damien
Crystal Palace,28,Ledley,Joe
Crystal Palace,29,Chamakh,Marouane
Crystal Palace,32,Appiah,Kwesi
Crystal Palace,34,Kelly,Martin
Crystal Palace,35,De Silva,Kyle
Crystal Palace,36,Wynter,Alex
Crystal Palace,38,Boateng,Hiram
Crystal Palace,42,Puncheon,Jason
