West Ham United,2,Reid,Winston
West Ham United,3,Cresswell,Aaron
West Ham United,4,Nolan,Kevin
West Ham United,5,Tomkins,James
West Ham United,7,Jarvis,Matt
West Ham United,8,Kouyate,Cheikhou
West Ham United,9,Carroll,Andy
West Ham United,10,Zarate,Mauro
West Ham United,11,Downing,Stewart
West Ham United,12,Vaz Te,Ricardo
West Ham United,13,Adrian,
West Ham United,14,Morrison,Ravel
West Ham United,15,Sakho,Diafra
West Ham United,16,Noble,Mark
West Ham United,17,O'Brien,Joey
West Ham United,18,Jenkinson,Carl
West Ham United,19,Collins,James
West Ham United,20,Demel,Guy
West Ham United,21,Amalfitano,Morgan
West Ham United,22,Jaaskelainen,Jussi
West Ham United,23,Poyet,Diego
West Ham United,24,Cole,Carlton
West Ham United,30,Song,Alex
West Ham United,31,Valencia,Enner
West Ham United,32,Burke,Reece
West Ham United,33,Potts,Dan
West Ham United,35,Oxford,Reece
West Ham United,36,Lee,Elliot
West Ham United,41,Lletget,Sebastian
